Source,description,API_Key_Url
Wiki EOD Stock Prices,"End of day stock prices, dividends and splits for 3,000 US companies, curated by the Quandl community and released into the public domain.",https://www.quandl.com/api/v3/datatables/WIKI/PRICES?ticker=A&date=1999-11-18%2C1999-11-19%2C1999-11-22&api_key=,,
BraveNewCoin Global Weighted Averages,"Updated daily, this database contains Brave New Coin's Global Weighted Averages.",https://www.quandl.com/api/v3/datasets/BNC3/GWA_BTC?api_key=
London Metal Exchange,The London Metal Exchange is the world centre for industrial metals trading.,https://www.quandl.com/api/v3/datasets/LME/ST_CCG_ALL?api_key=
Chicago Mercantile Exchange Futures Data,"Futures data for a wide range of commodities (metals, grains, energy) and financial instruments (equities, currencies, rates).",https://www.quandl.com/api/v3/datasets/CME/I5M2018?api_key=
Wiki Continuous Futures,"Continuous contracts for all 600 futures on Quandl. Built on top of raw data from CME, ICE, LIFFE etc. Curated by the Quandl community. 50 years history.",https://www.quandl.com/api/v3/datasets/CHRIS/ASX_TN2?api_key=
Zillow Real Estate Research,"Home prices and rents by size, type and tier; housing supply, demand and sales; sliced by zip code, neighborhood, city, metro area, county and state.",https://www.quandl.com/api/v3/datasets/ZILLOW/N16033_ZRISFRR?api_key=
Federal Reserve Economic Data,"Growth, employment, inflation, labor, manufacturing and other US economic statistics from the research department of the Federal Reserve Bank of St. Louis.",https://www.quandl.com/api/v3/datasets/FRED/NROUST?api_key=
Intercontinental Exchange Futures Data,"Futures data for softs, grains, energy products and financial instruments, with historical contracts going back decades.",https://www.quandl.com/api/v3/datasets/ICE/TIBV2020?api_key=
London Bullion Market Association,"An international trade association in the London gold and silver market, consisting of central banks, private investors, producers, refiners, and other agents.",https://www.quandl.com/api/v3/databases/LBMA/codes?api_key=
Global Dairy Trade,,https://www.quandl.com/api/v3/datasets/GDT/BMP_SQ_CP5?api_key=
Tokyo Stock Exchange,End of day unadjusted prices and additional information for companies trading on the Tokyo Stock Exchange in Japan.,https://www.quandl.com/api/v3/datasets/TSE/9997?api_key=
National Stock Exchange of India,Stock and index data from the National Stock Exchange of India.,https://www.quandl.com/api/v3/datasets/NSE/BSLGOLDETF?api_key=
IMF Cross Country Macroeconomic Statistics,"IMF primary commodity prices and world economic outlook data, published by Open Data for Africa. Excellent cross-country macroeconomic data.",https://www.quandl.com/api/v3/datasets/ODA/ZWE_GGXCNL_NGDP?api_key=
NASDAQ OMX Global Index Data,"Over 35,000 global indexes published by NASDAQ OMX including Global Equity, Fixed Income, Dividend, Green, Nordic, Sharia and more. Daily data.",https://www.quandl.com/api/v3/datasets/NASDAQOMX/LDRIG05?api_key=
Yale Department of Economics,"Publishes data related to the stock and housing markets; price data for common indexes, interest rates, earnings, dividends, house prices, and CPI.",https://www.quandl.com/api/v3/datasets/YALE/RBCI?api_key=
London Platinum & Palladium Market,Price data on the market-clearing level for Palladium and Platinum around the world.,https://www.quandl.com/api/v3/datasets/LPPM/PALL?api_key=
U.S. Energy Information Administration Data,"US national and state data on production, consumption and other indicators on all major energy products, such as electricity, coal, natural gas and petroleum.",https://www.quandl.com/api/v3/datasets/EIA/AEO_2016_REF_NO_CPP_PRCE_NA_COMM_NA_NG_NA_SATL_Y13DLRPMCF_A?api_key=
"LIFFE Futures Data","Futures data from LIFFE for a variety of equities, softs and grains. Contains years of history for many futures.",https://www.quandl.com/api/v3/datasets/LIFFE/XFCZ2018?api_key=
Commodity Futures Trading Commission Reports,"Weekly Commitment of Traders and Concentration Ratios. Reports for futures positions, as well as futures plus options positions. New and legacy formats.",https://www.quandl.com/api/v3/datasets/CFTC/IC13_FO_ALL_CR?api_key=
EUREX Futures Data,"Index, rate, agriculture and energy futures from EUREX, Europe's largest futures exchange, with history spanning a decade for select futures.",https://www.quandl.com/api/v3/datasets/EUREX/FCXEZ2018?api_key=
British Petroleum,BP is a large energy producer and distributor. It provides data on energy production and consumption in individual countries and larger subregions.,https://www.quandl.com/api/v3/datasets/BP/COAL_PROD_O_MNG?api_key=
Johnson Matthey,"A leading provider of current and historical data on platinum group metals such as prices, supply, and demand.",https://www.quandl.com/api/v3/datasets/JOHNMATT/RUTH?api_key=
University of Michigan,The University of Michigan’s consumer survey - data points for the most recent 6 months are unofficial; they are sourced from articles in the Wall Street Journal.,https://www.quandl.com/api/v3/datasets/UMICH/SOC1?api_key=
World Bank Worldwide Governance Indicators,Data on aggregate and individual governance indicators for six dimensions of governance.,https://www.quandl.com/api/v3/datasets/WWGI/VUT_RL_PER_RNK?api_key=
World Bank World Development Indicators,"Most current and accurate development indicators, compiled from officially-recognized international sources.",https://www.quandl.com/api/v3/datasets/WWDI/ETH_DT_DOD_PVLX_EX_ZS?api_key=
World Bank Public Sector Debt,"Data jointly developed by the World Bank and the International Monetary Fund, which brings together detailed public sector government debt data.",https://www.quandl.com/api/v3/datasets/WPSD/SLV_DP_DOD_DLOA_CR_PS_CD?api_key=
World Bank Poverty Statistics,"Indicators on poverty headcount ratio, poverty gap, and number of poor at both international and national poverty lines.",https://www.quandl.com/api/v3/datasets/WPOV/IDN_SI_POV_NOP1?api_key=
World Bank Millennium Development Goals,"Data drawn from the World Development Indicators, reorganized according to the goals and targets of the Millennium Development Goals (MDGs).",https://www.quandl.com/api/v3/datasets/WMDG/VNM_NY_AGR_SUBS_GD_ZS?api_key=
World Bank Jobs for Knowledge Platform,Indicators on labor-related topics.,https://www.quandl.com/api/v3/datasets/WJKP/ZWE_DB_NOTICE_5YR?api_key=
World Bank International Development Association,Data on progress on aggregate outcomes for IDA (International Development Association) countries for selected indicators.,https://www.quandl.com/api/v3/datasets/WIDA/TJK_EG_ELC_HOUS_ZS?api_key=
World Bank Health Nutrition and Population Statistics,"Key health, nutrition and population statistics.",https://www.quandl.com/api/v3/datasets/WHNP/SWE_SH_HIV_ORPH?api_key=
World Bank Global Findex (Global Financial Inclusion database),"Indicators of financial inclusion measures on how people save, borrow, make payments and manage risk.",https://www.quandl.com/api/v3/datasets/WGLF/TZA_WP11632_8?api_key=
World Bank Global Financial Development,"Data on financial system characteristics, including measures of size, use, access to, efficiency, and stability of financial institutions and markets.",https://www.quandl.com/api/v3/datasets/WGFD/VUT_GFDD_SI_05?api_key=
World Bank GEP Economic Prospects,"Data on the short-, medium, and long-term outlook for the global economy and the implications for developing countries and poverty reduction.",https://www.quandl.com/api/v3/datasets/WGEP/ZWE_BNCABFUNDCD_?api_key=
World Bank Gender Statistics,"Data describing gender differences in earnings, types of jobs, sectors of work, farmer productivity, and entrepreneurs’ firm sizes and profits.",https://www.quandl.com/api/v3/datasets/WGEN/MMR_SP_M18_2024_FE_ZS?api_key=
World Bank Global Economic Monitor,"Data on global economic developments, with coverage of high-income, as well as developing countries.",https://www.quandl.com/api/v3/datasets/WGEM/MNG_CPTOTSAXN?api_key=
World Bank Global Economic Monitor (GEM) Commodities,Data containing commodity prices and indices from 1960 to present.,https://www.quandl.com/api/v3/datasets/WGEC/WLD_ZINC?api_key=
World Bank Global Development Finance,"Data on financial system characteristics, including measures of size, use, access to, efficiency, and stability of financial institutions and markets.",https://www.quandl.com/api/v3/datasets/WGDF/RUS_DT_AMT_DPNG_CD?api_key=
World Bank Enterprise Surveys,"Company-level private sector data, covering business topics including finance, corruption, infrastructure, crime, competition, and performance measures.",https://www.quandl.com/api/v3/datasets/WESV/THA_IC_FRM_CORR_CORR3?api_key=
World Bank Education Statistics,"Internationally comparable indicators on education access, progression, completion, literacy, teachers, population, and expenditures.",https://www.quandl.com/api/v3/datasets/WEDU/ZWE_MYS_PROP_80UP_TER_MF?api_key=
World Bank Doing Business,Data on business regulations and their enforcement for member countries and selected cities at the subnational and regional level.,https://www.quandl.com/api/v3/datasets/WDBU/VCT_IC_ISV_COST?api_key=
World Bank Corporate Scorecard,This database is designed to provide a strategic overview of the World Bank Group’s performance toward ending extreme poverty and promoting shared prosperity.,https://www.quandl.com/api/v3/datasets/WCSC/UMC_IQ_SCI_OVRL?api_key=
World Bank Africa Development Indicators,"A collection of development indicators on Africa, including national, regional and global estimates.",https://www.quandl.com/api/v3/datasets/WADI/AZE_SP_POP_1564_TO?api_key=
European Central Bank,"The central bank for the European Union oversees monetary policy and the Euro, and provides data on related macroeconomic variables.",https://www.quandl.com/api/v3/datasets/ECB/EURZAR?api_key=
National Securities Depository Limited (India),Depository in India responsible for economic development of the country that has established a national infrastructure of international standards that handles most of the securities held and settled in dematerialised form in the Indian capital market.,https://www.quandl.com/api/v3/datasets/NSDL/DIF?api_key=
Statistics Bureau of Japan,A Japanese government statistical agency that provides statistics related to employment and the labour force.,https://www.quandl.com/api/v3/datasets/SBJ/0307?api_key=
Frankfurt Stock Exchange,,https://www.quandl.com/api/v3/datasets/FSE/ZO1_X?api_key=
Boerse Stuttgart,Current and historical data from the Boerse Stuttgart exchange in Germany.,https://www.quandl.com/api/v3/datasets/SSE/NA8P?api_key=
London Stock Exchange,Daily updated stock prices for the London Stock Exchange.,https://www.quandl.com/api/v3/datasets/LSE/ZIOC?api_key=
Hong Kong Exchange,"Hong Kong Exchange stock prices, historical divided futures, etc. updated daily.",https://www.quandl.com/api/v3/datasets/HKEX/MHINM2018?api_key=
Warsaw Stock Exchange (GPW),No description for this database yet.,https://www.quandl.com/api/v3/datasets/WSE/VENTUREIN?api_key=
Euronext Stock Exchange,"Historical stock data from Euronext, the largest European exchange.",https://www.quandl.com/api/v3/datasets/EURONEXT/ALMET?api_key=
Polish Power Exchange (TGE),No description for this database yet.,https://www.quandl.com/api/v3/datasets/PPE/GB2017W49?api_key=
Shanghai Futures Exchange,"Commodities exchange for energy, metal, and chemical-related industrial products. A derivatives marketplace for many commodities futures.",https://www.quandl.com/api/v3/datasets/SHFE/FUX2018?api_key=
South African Futures Exchange,"This database provides data on commodity future contracts from the South African Futures Exchange, a part of the Johannesburg Stock Exchange.",https://www.quandl.com/api/v3/datasets/SAFEX/CORNN2019?api_key=
BarclayHedge,No description for this database yet.,https://www.quandl.com/api/v3/datasets/BARH/BT50HR?api_key=
Bucharest Stock Exchange,"The Bucharest Stock Exchange publishes data on it activity in equity, rights, bonds, fund units, structured products, and futures contracts.",https://www.quandl.com/api/v3/datasets/BUCHARESTSE/INDICES?api_key=
Bitcoin Watch,Bitcoin mining statistics.,https://www.quandl.com/api/v3/datasets/BITCOINWATCH/MINING?api_key=
Korea Exchange,This database represents futures data from the Korea Exchange.,https://www.quandl.com/api/v3/datasets/KRX/KRDRVFUBMAH2018?api_key=
multpl.com,No description for this database yet.,https://www.quandl.com/api/v3/datasets/MULTPL/SP500_PE_RATIO_MONTH?api_key=
US Federal Reserve Data Releases,"Official US figures on money supply, interest rates, mortgages, government finances, bank assets and debt, exchange rates, industrial production.",https://www.quandl.com/api/v3/datasets/FED/RXI_N_A_VE?api_key=
Deutsche Bundesbank Data Repository,"Data on the German economy, money and capital markets, public finances, banking, households, Euro-area aggregates, trade and external debt.",https://www.quandl.com/api/v3/datasets/BUNDESBANK/BBQFS_A_DE_LIFE_NET_RET_INV_MILD__X_0000?api_key=
Financial Industry Regulatory Authority,Financial Industry Regulatory Authority provides short interest data on securities firms and exchange markets.,https://www.quandl.com/api/v3/datasets/FINRA/FORF_TEAR?api_key=
Central Bank of Brazil Statistical Database,"Brazilian macroeconomic data, covering public finances, national accounts, payment systems, inflation, exchange rates, trade, and international reserves.",https://www.quandl.com/api/v3/datasets/BCB/195?api_key=
Organization of the Petroleum Exporting Countries,"International organization and economic cartel overseeing policies of oil-producers, such as Iraq, Iran, Saudi Arabia, and Venezuela. Data on oil prices.",https://www.quandl.com/api/v3/datasets/OPEC/ORB?api_key=
Global Petroleum Prices,No description for this database yet.,https://www.quandl.com/api/v3/datasets/GPP/CFP_DZA?api_key=
United Kingdom Office of National Statistics,"Data on employment, investment, housing, household expenditure, national accounts, and many other socioeconomic indicators in the United Kingdom.",https://www.quandl.com/api/v3/datasets/UKONS/L4PP_A?api_key=
Bank of England Official Statistics,"Current and historical exchange rates, interest rates on secured loans and time deposits, Euro-commercial paper rates, and yields on government securities.",https://www.quandl.com/api/v3/datasets/BOE/IUDVCDA?api_key=
Bank for International Settlements,"BIS serves central banks with administration of monetary and financial stability, fosters international cooperation, and acts as bank for central banks.",https://www.quandl.com/api/v3/datasets/BIS/EERBR_RBVE?api_key=
Freddie Mac,Data from Freddie Mac’s Primary Mortgage Market Survey and other region specific historical mortgage rates.,https://www.quandl.com/api/v3/datasets/FMAC/30US?api_key=
Dalian Commodities Exchange,"Agriculture and commodities futures from DCE, with history spanning almost a decade for select futures.",https://www.quandl.com/api/v3/datasets/DCE/JDV2018?api_key=
WIKI Commodity Prices,"Price data for commodities including agricultural products, metals, and energy, in different regions of the world from a variety of sources. Sources include: USDA, COMEX, MARKIT, FRBNY and more.",https://www.quandl.com/api/v3/datasets/COM/AG_FAB?api_key=
Baker Hughes Investor Relations,"Baker Hughes is an oilfield service company. It publishes census data on the number of oil rigs in U.S. states, Canadian provinces, and per basin.",https://www.quandl.com/api/v3/datasets/BKRHUGHES/RIGS_BY_PROV_TOTAL_CANADA?api_key=
Federal Reserve Bank of New York,"The FRBNY is the largest regional central bank in the US. Sets monetary policy for New York, most of Connecticut and New Jersey, and some territories.",https://www.quandl.com/api/v3/datasets/FRBNY/36207WMX9?api_key=
US Treasury,"The U.S. Treasury ensures the nation's financial security, manages the nation's debt, collects tax revenues, and issues currency, provides data on yield rates.",https://www.quandl.com/api/v3/datasets/USTREASURY/REALLONGTERM?api_key=
European Commission Annual Macro-Economic Database,Annual macro-economic database of the European Commission's Directorate General for Economic and Financial Affairs (DG ECFIN).,https://www.quandl.com/api/v3/datasets/AMECO/ALB_1_0_0_0_YPUT8?api_key=
Singapore Exchange,Asian securities and derivatives exchange that trades in equities for many large Singaporean and other Asian companies. Listed on its own exchange.,https://www.quandl.com/api/v3/datasets/SGX/FEFZ2017?api_key=
Institute for Supply Management,"ISM promotes supply-chain management practices and publishes data on production and supply chains, new orders, inventories, and capital expenditures.",https://www.quandl.com/api/v3/datasets/ISM/BUY_CAP_EXP?api_key=
Unicorn Research Corporation,"Advance and decline data for the NYSE, AMEX, and NASDAQ stock exchanges. From various publicly-available sources and the median value is reported.",https://www.quandl.com/api/v3/datasets/URC/NASDAQ_UNCH?api_key=
Merrill Lynch,"Merrill Lynch, a major U.S. bank, publishes data on yield rates for corporate bonds in different regions.",https://www.quandl.com/api/v3/datasets/ML/AAAEY?api_key=
JODI Oil World Database,JODI oil and gas data comes from over 100 countries consisting of multiple energy products and flows in various methods of measurement.,https://www.quandl.com/api/v3/datasets/JODI/OIL_ONIMBK_PNG?api_key=
Association for Real Estate Securitization,"ARES protects investors, contributes to development of the real estate securitization product market, and facilitates expansion of the real estate investment market.",https://www.quandl.com/api/v3/datasets/ARES/JPI_R?api_key=
Montreal Exchange,"Montreal Exchange is a derivatives exchange that trades in futures contracts and options for equities, indices, currencies, ETFs, energy, and interest rates.",https://www.quandl.com/api/v3/datasets/MX/ONXG2018?api_key=
Multi Commodity Exchange India,"India's largest commodity exchange servicing futures trading in metals, energy, and agriculture. World's 3rd largest exchange in contracts and trading volume.",https://www.quandl.com/api/v3/datasets/MCX/SIX2017?api_key=
Lloyd's List,"Updated daily, this database offers values for the Baltic Dry Index, Capesize Index, Panamax Index, and the Supramax Index.",https://www.quandl.com/api/v3/databases/LLOYDS/codes?api_key=
China Financial Futures Exchange,"Index and bond futures from CFFEX, with history spanning almost a decade for select futures.",https://www.quandl.com/api/v3/datasets/CFFEX/ICM2018?api_key=
Nikkei,Nikkei consists of the major stock indexes of the Tokyo Stock Exchange. A price-weighted index considered to be the best representation of Japanese equities.,https://www.quandl.com/api/v3/datasets/NIKKEI/ALL_STOCK?api_key=
European Commission Business and Consumer Surveys,Data in this database is derived from harmonized surveys for different sectors of the economies in the European Union (EU) and in the EU applicant countries.,https://www.quandl.com/api/v3/datasets/ECBCS/CST_TOT_QU_RS?api_key=
Center for Applied Studies on Applied Economics (Brazil),"CEPEA is an economic research center at the University of Sao Paulo focusing on agribusiness issues, publishing price indices for commodities in Brazil.",https://www.quandl.com/api/v3/datasets/CEPEA/SOYBEAN?api_key=
Minneapolis Grain Exchange,A marketplace of futures and options contracts for regional commodities that facilitates trade of agricultural indexes.,https://www.quandl.com/api/v3/datasets/MGEX/IWZ2017?api_key=
BLS Inflation & Prices,"US national and state-level inflation data, published by the Bureau of Labor Statistics.",https://www.quandl.com/api/v3/datasets/BLSI/WPU115?api_key=
Australian Bureau of Statistics,Australia's national statistical agency provides socioeconomic and financial data on the country to the public and different levels of government.,https://www.quandl.com/api/v3/datasets/AUSBS/32220C9_A83748166R?api_key=
Bitfinex,"Bitfinex is a trading platform for Bitcoin, Litecoin and Darkcoin with many advanced features including margin trading, exchange and peer to peer margin funding.",https://www.quandl.com/api/v3/datasets/BITFINEX/AVTUSD?api_key=
World Federation of Exchanges,"A trade association of sixty publicly regulated stock, futures, and options exchanges that publishes data for its exchanges, like market capitalization.",https://www.quandl.com/api/v3/datasets/WFE/SHARES_JAPANEXCHANGEGROUPINC?api_key=
Paris School of Economics,This database describes the distribution of top incomes in a growing number of countries. Numbers are derived using tax data.,https://www.quandl.com/api/v3/datasets/PSE/ANNINC992I_PALL_ZW?api_key=
Top Flight Grain Co-operative,Cash price of corn and soybeans including basis to front month futures contract.,https://www.quandl.com/api/v3/datasets/TFGRAIN/SOYBEANS?api_key=
Zhengzhou Commodities Exchange,"Agriculture and commodities futures from ZCE, with history spanning almost a decade for select futures.",https://www.quandl.com/api/v3/datasets/ZCE/TAV2018?api_key=
Swiss Exchange,"A major European stock exchange. It publishes price data for stocks, derivatives, and other securities it trades in.",https://www.quandl.com/api/v3/datasets/SIX/DE000VTG9999CHF?api_key=
Bitcoin Charts Exchange Rate Data,"Exchange rates for bitcoin against a large number of currencies, from all major bitcoin exchanges, including current and historical exchange rates.",https://www.quandl.com/api/v3/datasets/BCHARTS/REMITANOVND?api_key=
Blockchain,"Blockchain is a website that publishes data related to Bitcoin, updated daily.",https://www.quandl.com/api/v3/datasets/BCHAIN/MWNUS?api_key=
United Nations World Tourism,This database offers comprehensive data on international tourism. Data includes number of tourist arrivals and tourism expenditures for all countries.,https://www.quandl.com/api/v3/datasets/UTOR/EXTUR_5206?api_key=
United Nations National Accounts Estimates,"This database offers global data on gross domestic product, gross national income, and gross value added by different sectors for all countries in the world.",https://www.quandl.com/api/v3/datasets/UNAE/GVAKD_LKA?api_key=
United Nations National Accounts Official Country Data,"This database offers global data on national accounts, such as assets and liabilities of households, corporations and governments.",https://www.quandl.com/api/v3/datasets/UNAC/CCGVAI3_TE_MAR?api_key=
United Nations Labour Market Indicators,This database offers comprehensive youth unemployment figures broken up by gender for all countries in the world.,https://www.quandl.com/api/v3/datasets/ULMI/YUNEM_F_GBR?api_key=
United Nations Industrial Development Organization,"This database offers global data on industrial development indicators, including output, employees, wages, value added for a wide range of industries.",https://www.quandl.com/api/v3/datasets/UIST/EST_CHEM_MDA?api_key=
United Nations Industrial Commodities,"This database offers global data on production of industrial commodities, such as ores and minerals, food products, transportable goods, and metal products.",https://www.quandl.com/api/v3/datasets/UINC/MEMA_LVA?api_key=
United Nations International Financial Statistics,"This database offers comprehensive data on international financial indicators, such as average earnings, bond yields, government revenues and expenditures.",https://www.quandl.com/api/v3/datasets/UIFS/OF_FAS_MEX?api_key=
United Nations Information and Communication Technology,"This database offers comprehensive global data on information and communication technology, including telephone, cellular and internet usage for all countries.",https://www.quandl.com/api/v3/datasets/UICT/INT_SSD?api_key=
United Nations Global Indicators,"This database offers a wide range of global indicators, covering population, public health, employment, trade, education, inflation and external debt.",https://www.quandl.com/api/v3/datasets/UGID/POPTOT_?api_key=
United Nations Greenhouse Gas Inventory,This database offers comprehensive global data on anthropogenic emissions of the six principal greenhouse gases. Data goes back to 1990.,https://www.quandl.com/api/v3/datasets/UGHG/USA?api_key=
United Nations Gender Information,"This database offers comprehensive global data on a wide range of gender-related indicators, covering demography, health, education and employment.",https://www.quandl.com/api/v3/datasets/UGEN/PPRJ_5001?api_key=
United Nations Food and Agriculture,"This database offers global food and agricultural data, covering crop production, fertilizer consumption, use of land for agriculture, and livestock.",https://www.quandl.com/api/v3/datasets/UFAO/CR_YAUT_5204?api_key=
United Nations Environment Statistics,"This database offers global data on water and waste related indicators, including fresh water supply and precipitation, and generation and collection of waste.",https://www.quandl.com/api/v3/datasets/UENV/WATER_TTO?api_key=
United Nations Energy Statistics,"This database offers comprehensive global statistics on production, trade, conversion, and final consumption of new and renewable energy sources.",https://www.quandl.com/api/v3/datasets/UENG/EW_PROD_KNA?api_key=
United Nations Commodity Trade,"This database offers comprehensive global data on imports and exports of commodities such as food, live animals, pharmaceuticals, metals, fuels and machinery.",https://www.quandl.com/api/v3/datasets/UCOM/MBME_LAO?api_key=
The Economist - Big Mac Index,The Big Mac index was invented by The Economist in 1986 as a lighthearted guide to whether currencies are at their “correct” level. It is based on the theory of purchasing-power parity (PPP).,https://www.quandl.com/api/v3/datasets/ECONOMIST/BIGMAC_ESP?api_key=
NAAIM Exposure Index,The NAAIM Exposure Index represents the average exposure to US Equity markets reported by NAAIM members.,https://www.quandl.com/api/v3/datasets/NAAIM/NAAIM?api_key=
Bank of France,The Banque de France is responsible for monetary policy through policies of the European System of Central Banks and providing data on key economic indictors.,https://www.quandl.com/api/v3/datasets/BOF/QS_D_IEUTIO9M?api_key=
Organisation for Economic Co-operation and Development,International organization of developed countries that promotes economic welfare. Collects data from members and others to make policy recommendations.,https://www.quandl.com/api/v3/datasets/OECD/HIGH_AGLINK_2010_ZAF_WT_QC?api_key=
Osaka Securities Exchange,"The second largest securities exchange in Japan. Unlike the TSE, OSE is strongest in derivatives trading, the majority of futures and options in Japan.",https://www.quandl.com/api/v3/datasets/OSE/NK225MDG2018?api_key=
Central Bank of Argentina,The Central Bank of Argentina is responsible monetary policy and provides data on foreign exchange markets and key macroeconomic indicators.,https://www.quandl.com/api/v3/datasets/BCRA/MVAR_CVS?api_key=
Economic Cycle Research Institute,"ECRI uses an indicator approach to predict recessions and recoveries, publishing data on indexes of coincident, lagging, and leading indicators for the US.",https://www.quandl.com/api/v3/datasets/ECRI/USLEADING?api_key=
Fish Pool Index,Fish Pool Index (TM) is composed of three index elements related to the average weekly spot price of buying and selling of Fresh Atlantic Salmon.,
Tokyo Commodities Exchange,"Agriculture and commodities futures from Tokyo Commodities Exchange (TOCOM), with history spanning almost a decade for select futures.",https://www.quandl.com/api/v3/datasets/TOCOM/33J2018?api_key=
Federal Reserve Bank of Philadelphia,"The FRBP is a regional central bank for the Federal Reserve. It publishes data on business confidence indexes, GDP, consumption, and other economic indicators.",https://www.quandl.com/api/v3/datasets/FRBP/ADS_VINTAGES_MOSTRECENT?api_key=
Federal Reserve Bank of Kansas City,"FRKC is the regional central bank for the 10th District of the Federal Reserve, publishing data on banking in mostly agricultural transactions.",https://www.quandl.com/api/v3/datasets/FRKC/AGR_FIN_B_4A?api_key=
American Association of Individual Investors,American Association of Individual Investor’s sentiment data.,https://www.quandl.com/api/v3/datasets/AAII/AAII_SENTIMENT?api_key=
Australian Securities Exchange,"Australia’s primary exchange, one of the world's largest by market cap and trading, acts as market operator, clearinghouse, and payments facilitator.",https://www.quandl.com/api/v3/datasets/ASX/IRZ2018?api_key=
Osaka Dojima Commodity Exchange,A non-profit commodity exchange in the Kansai region of Japan that trades in seven key agricultural commodities.,https://www.quandl.com/api/v3/datasets/ODE/YCZ2018?api_key=
Ministry of Finance Japan,"Japanese government bond interest rate data, published daily by the Ministry of Finance.",https://www.quandl.com/api/v3/datasets/MOFJ/INTEREST_RATE_JAPAN_40Y?api_key=
Rogers International Commodity Indices,"Composite, USD based, total return index, representing the value of a basket of commodities consumed in the global economy.",https://www.quandl.com/api/v3/datasets/RICI/RICI?api_key=
Tokyo Financial Exchange,The Tokyo Financial Exchange is a futures exchange that primary deals in financial instruments markets that handle securities and market derivatives.,https://www.quandl.com/api/v3/datasets/TFX/JBAZ2018?api_key=
ADP Research Institute,The research arm of ADP publishes statistics on employment in the United States,https://www.quandl.com/api/v3/datasets/ADP/EMPL_SERVICE_PR?api_key=
Prague Stock Exchange,Price index data from the Prague Stock Exchange.,https://www.quandl.com/api/v3/datasets/PRAGUESE/PX_TR?api_key=
Solar Influences Data Analysis Center,"The SIDC hosts data spanning from the 1700's on solar activity, specifically sunspot activity.",https://www.quandl.com/api/v3/datasets/SIDC/SUNSPOTS_13?api_key=
Borsa Italiana,"This database provides data on stock future contracts from the Borsa Italiana, now part of London Stock Exchange Group.",https://www.quandl.com/api/v3/datasets/BITAL/MFTSEMH2018?api_key=
BLS Employment & Unemployment,"US national and state-level employment and unemployment statistics, published by the Bureau of Labor Statistics.",https://www.quandl.com/api/v3/datasets/BLSE/CEU9000000010?api_key=
Taiwan Futures Exchange,"Index and bond futures from TAIFEX, with history spanning over a decade for select futures.",https://www.quandl.com/api/v3/datasets/TAIFEX/GDFV2018?api_key=
Bitstamp,Bitstamp is a trading platform for Bitcoin.,https://www.quandl.com/api/v3/datasets/BITSTAMP/USD?api_key=
Malta Stock Exchange,"The Malta Stock Exchange carries out the role of providing a structure for admission of financial instruments to its recognised lists which may subsequently be traded on a regulated, transparent and orderly market place (secondary market).The main participants in the market are Issuers, Stock Exchange Members (stockbrokers), and the investors in general.",https://www.quandl.com/api/v3/datasets/MALTASE/INDEX?api_key=
Zagreb Stock Exchange,Croatia's only stock exchange. It publishes data on the performance of its stock and bond indexes.,https://www.quandl.com/api/v3/datasets/ZAGREBSE/CROBEXPLUS?api_key=
Bank of Japan,"The Bank of Japan is responsible for monetary policy and the national currency, as well as for providing data on key macroeconomic variables.",https://www.quandl.com/api/v3/datasets/BOJ/COAEG2011401CFY43000?api_key=
Bureau of Economic Analysis,"Annual data on the US economy, covering national and state-level GDP, balance of payments, trade, corporate profits, and many other economic indicators.",https://www.quandl.com/api/v3/datasets/BEA/NIPA_2_8_5_M?api_key=
Monetary Authority of Singapore,No description for this database yet.,https://www.quandl.com/api/v3/datasets/MAS/SGSB?api_key=
Central Bank of the Republic of Turkey,CBRT is responsible for taking measures to sustain the stability of the financial system in Turkey.,https://www.quandl.com/api/v3/datasets/CBRT/TP_MK_ISL_MK?api_key=
National Bureau of Statistics of China,"Statistics of China relating to finance, industry, trade, agriculture, real estate, and transportation.",https://www.quandl.com/api/v3/datasets/NBSC/A19011D_M?api_key=
Belgrade Stock Exchange,"Belgrade Stock Exchange data, updated daily.",https://www.quandl.com/api/v3/datasets/BELGRADESE/BELEXLINE?api_key=
BATS U.S. Stock Exchanges,"Bats is an equities market operator in the U.S., operating four equities exchanges — BZX Exchange, BYX Exchange, EDGA Exchange, and EDGX Exchange",https://www.quandl.com/api/v3/datasets/BATS/EDGA_MCB?api_key=
United States Misery Index,"Developed by economist Arthur Okun, the Misery Index is the unemployment rate added to the inflation rate.",https://www.quandl.com/api/v3/datasets/USMISERY/INDEX?api_key=
Association of Mutual Funds in India,This database represents fund information from The Association of Mutual Funds in India.,https://www.quandl.com/api/v3/datasets/AMFI/141958?api_key=
Asia Bond Market Initiative,An initiative designed to promote bond market development in Asia. It publishes data related to the corporate and government bond markets of individual Asian countries,https://www.quandl.com/api/v3/datasets/ABMI/YLD_VOLATILITY_JPN?api_key=
U.S. Agency for International Development,US Agency for International Development provides a complete historical record of all foreign assistance provided by the United States to the rest of the world.,https://www.quandl.com/api/v3/datasets/USAID/MILCONT_STKITTSANDNEVIS?api_key=
Bombay Stock Exchange,"End of day prices, indices, and additional information for companies trading on the Bombay Stock Exchange in India.",https://www.quandl.com/api/v3/datasets/BSE/BOM517421?api_key=
Federal Reserve Bank of Cleveland,"The Federal Reserve Bank of Cleveland collects data from hundreds of financial institutions, including depository institutions, bank holding companies, and other entities that is used to assess financial institution conditions and also to glean insights into how the economy and financial system are doing.",https://www.quandl.com/api/v3/datasets/FRBC/CREDIT_EASING?api_key=
Ljubljana Stock Exchange (Slovenia),"This database contains the Ljubljana Stock Exchange indexes and is based in Ljubljana, Slovenia.",https://www.quandl.com/api/v3/datasets/LJUBSE/INDEX?api_key=
National Institute of Statistics and Economic Studies (France),"INSEE is the national statistical agency of France. It collects data on France's economy and society, such as socioeconomic indicators and national accounts.",https://www.quandl.com/api/v3/datasets/INSEE/1254_001583874_A?api_key=
BTER,Historical exchange rate data for crypto currencies.,https://www.quandl.com/api/v3/datasets/BTER/BTMETH?api_key=
Bank of Canada Statistical Database,"Economic, financial and banking data for Canada. Includes interest rates, inflation, national accounts and more. Daily updates.",https://www.quandl.com/api/v3/datasets/BOC/V39079?api_key=
Renaissance Capital,A global investment advisory that specializes in IPOs. It publishes data on the IPO market in the United States.,https://www.quandl.com/api/v3/datasets/RENCAP/USIPO?api_key=
Russian Federation Statistics Service,"The Russian governmental statistical agency that publishes social, economic, and demographic statistics for Russia at the national and local levels.",https://www.quandl.com/api/v3/datasets/RFSS/FIMONEY?api_key=
BLS Productivity,"US manufacturing, labor and business statistics, published by the Bureau of Labor Statistics.",https://www.quandl.com/api/v3/datasets/BLSP/PRS88003183?api_key=
Swiss National Bank,"Central bank responsible for monetary policy and currency. Data on international accounts, interest rates, money supply, and other macroeconomic indicators.",https://www.quandl.com/api/v3/datasets/SNB/SNBIPROGA?api_key=
Eurekahedge,A research company focused on hedge funds and other alternative investment funds. It publishes data on the performances of hedge funds.,https://www.quandl.com/api/v3/datasets/EUREKA/MEI27?api_key=
Bank of Mexico,"The Bank of Mexico is responsible for monetary policy and the national currency (peso), and provides data on accounts and all macroeconomic variables.",https://www.quandl.com/api/v3/datasets/BDM/SF41080?api_key=
Cass Information Systems,"Since 1990, CASS provides monthly Cass Freight Index Reports on freight trends as they relate to other economic and supply chain indicators.",https://www.quandl.com/api/v3/datasets/CASS/CFI?api_key=
European Network of Transmission System Operators For Electricity,?The ENTSO-E statistical database encompasses a range of historical data sets regarding power systems of ENTSO-E member TSOs. All data provided by ENTSO-E,https://www.quandl.com/api/v3/datasets/ENTSOE/MK_TRANS?api_key=
Wells Fargo Home Mortgage Loans,"This database offers mortgage purchase and refinance rates from Wells Fargo Home Mortgage, a division of Wells Fargo Bank.",https://www.quandl.com/api/v3/datasets/WFC/RR_CON_51ARM_APR?api_key=
Ukrainian Exchange,UKRSE presents the most current available data related to the largest stock exchanges in Ukraine. The exchange is located in Kiev and accounts for roughly three-quarters of Ukraine's total equity trading volume,https://www.quandl.com/api/v3/datasets/UKRSE/UX?api_key=
Amman Stock Exchange,The official stock exchange of Jordan. It publishes daily financial data on indexes that represent different sectors of the economy.,https://www.quandl.com/api/v3/datasets/AMMANSE/INDEX_TECHNOLOGY_AND_COMMUNICATION?api_key=
Federal Deposit Insurance Corporation,The FDIC is a federal insurer of bank deposits up to $250k and collects finance data on commercial banking and savings institutions.,FDIC/SI20_OA
Perth Mint,"The Perth Mint’s highs, lows and averages of interest rates and commodities prices, updated on a monthly basis.",https://www.quandl.com/api/v3/datasets/PERTH/LONMETALS?api_key=
Thomas Brinkhoff: City Populations,Thomas Brinkhoff provides population data for cities and administrative areas in most countries.,https://www.quandl.com/api/v3/datasets/CITYPOP/CITY_YANGIQALAHTKRAFGHANISTAN?api_key=
Liv-Ex,Liv-Ex is a global wine market. It publishes proprietary price indexes for the most popular fine wines that have strong secondary markets.,https://www.quandl.com/api/v3/datasets/LIVEX/LVX_50_D?api_key=
Social Security Administration,"Provides data on the US social security program, particularly demographics of beneficiaries; disabled, elderly, and survivors.",https://www.quandl.com/api/v3/datasets/SOCSEC/TRUST_FUND_OP?api_key=
Reserve Bank of Australia,"Central bank and monetary authority, regulates banking industry, sets interest rates, and services government's debt. Data on key economic indicators.",https://www.quandl.com/api/v3/datasets/RBA/A03_4?api_key=
Stock Exchange of Thailand,The official securities exchange of Thailand. It publishes data on the indexes that are traded on it as well as on the performance of the exchange itself,https://www.quandl.com/api/v3/datasets/THAISE/MI_MAI?api_key=
Quito Stock Exchange (Ecuador),The indexes of the national Stock Exchange of Ecuador.,https://www.quandl.com/api/v3/datasets/QUITOSE/QUITO?api_key=
US Treasury - Financial Management Service,The monthly receipts/outlays and deficit/surplus of the United States of America.,https://www.quandl.com/api/v3/datasets/FMSTREAS/MTS?api_key=
Inflation Rate,"Inflation Rates and the Consumer Price Index CPI for Argentina, Australia, Canada, Germany, Euro area, France, Italy, Japan, New Zealand and more.",https://www.quandl.com/api/v3/datasets/RATEINF/CPI_USA?api_key=
PFTS Stock Exchange (Ukraine),"Index data from the PFTS Stock Exchange, the largest marketplace in Ukraine.",PFTS/INDEX
Canadian Mortgage and Housing Corporation,"The CMHC is a gov’t-owned corporation that provides affordable housing to Canadian citizens and collects data such as prices, construction, and supply.",https://www.quandl.com/api/v3/datasets/CMHC/SVRPM?api_key=
World Aluminium,World Aluminium capacity and production in thousand metric tonnes.,https://www.quandl.com/api/v3/datasets/WORLDAL/PALPROD?api_key=
National Association of Homebuilders,"A trade association in housing, home-ownership, and residential buildings. Data on opportunity indexes and related economic indicators for the US.",
BLS International,"Import and export price statistics for various countries, published by the Bureau of Labor Statistics.",https://www.quandl.com/api/v3/datasets/BLSN/EIUIH14243?api_key=
Warsaw Stock Exchange,"WIG20 index has been calculated since April 16, 1994 based on the value of portfolio with shares in 20 major and most liquid companies in the WSE Main List.",https://www.quandl.com/api/v3/datasets/WARSAWSE/TBSP_INDEX?api_key=
Wu-Xia Shadow Federal Funds Rate,This dataset contains the three major indicators from the Wu-Xia papers which serve to identify the shadow rates on all three major banks.,https://www.quandl.com/api/v3/datasets/SHADOWS/EUROPE?api_key=
NYSE Factbook,Historical and current securities market credit data from the NYSE.,https://www.quandl.com/api/v3/datasets/NYXDATA/MARKET_CREDIT?api_key=
Uniform Crime Reporting Statistics,The Uniform Crime Reports in the FBI compile differing crime data into uniform statistics on specific crimes for states and the entire country.,
Bank of Russia,"Bank of Russia is the principal monetary authority responsible for monetary policy, banking, and provides data on interest rates, money supply, and accounts.",https://www.quandl.com/api/v3/datasets/BANKRUSSIA/MONEYSUPPLY_FULL?api_key=
Tunis Stock Exchange,The main reference index of Tunis Stock Exchange.,TUNISSE/TUNINDEX20
BLS Pay & Benefits,"US work stoppage statistics, published by the Bureau of Labor Statistics.",https://www.quandl.com/api/v3/datasets/BLSB/WSU020?api_key=
Puerto Rico Institute of Statistics,Puerto Rico Institute of Statistics statistics on manufacturing.,https://www.quandl.com/api/v3/datasets/IRPR/PMINSA?api_key=
GDAX (Global Digital Asset Exchange),GDAX is the world’s most popular place to buy and sell bitcoin.,no api
Local Bitcoins,,https://www.quandl.com/api/v3/datasets/LOCALBTC/KHR?api_key=
Stock Exchange of Mauritius,Stock Exchange of Mauritius indices data.,https://www.quandl.com/api/v3/datasets/MAURITIUSSE/INDICES?api_key=
,,
,,
,,
,,
